id,songName,cluster,danceability,energy,speechiness,acousticness,liveness,valence,tempo,duration_min,key,mode,instrumentalness
55sgQENF3LY1sUcJUwasLl,Don’t Go (with Justin Bieber & Don Toliver),2,0.6464155528554071,0.6621468926553672,0.0301429662845993,0.0201006489052405,0.2618314245620522,0.3486469477658904,0.1211338594494541,0.2900019785937507,11,1,0
6rfahvufEQDIVTHJIU2QQB,"For Aisha (Featured in ""The Sky Is Pink"")",2,0.4993924665856621,0.5796610169491525,0.1336386388717201,0.0667120774978561,0.7261420467724216,0.0864275225508705,0.1332278599747364,0.547969796147048,4,1,0
5wSuylaa590DX3BPB6s6NO,Trenches,2,0.4447144592952613,0.7084745762711864,0.0396437610695539,0.0246558566995189,0.1827829222077313,0.2920075519194461,0.4957227009517616,0.2850158159935371,8,0,0
23aigxgRn6cVPxkJF3S5oe,4U,2,0.3098420413122722,0.4214689265536723,0.1290766527449614,0.2457423373194933,0.2634928470580722,0.1147472204740927,0.3321410258013683,0.3740916148466655,1,0,0
57bgtoPSgt236HzfBOd8kj,Thunderstruck,2,0.4191980558930741,0.8824858757062147,0.0196135623106478,0.0001287111039546,0.3962594412934355,0.2437591776798825,0.4867678877396602,0.4758125816855575,4,1,0
0CoPoNohPHCjvggWHlxgk5,Kielbasa,2,0.4240583232077765,0.6293785310734463,0.0733466058859769,0.133451168437283,0.195335071801615,0.5961820851688692,0.2824455644909139,0.3110495365349273,0,1,0
5h9hkYIBWTZYFRmF6Iz1gt,Love/Paranoia,2,0.4191980558930741,0.6666666666666666,0.014568566738008,0.0057994151325062,0.3351741379980707,0.34340255926159,0.3460922745975962,0.3215425285321614,5,1,0
1MY4HVXfBkUg1mUjmCjznI,Groovy Tony / Eddie Kane,2,0.3803159173754556,0.8090395480225988,0.3148719119983117,0.0652289865880911,0.2288742729851604,0.3108873505349276,0.6916655202171167,0.5698649351590146,4,1,0
44ADyYoY5liaRa3EOAl4uf,Slide Away,2,0.4532199270959903,0.4847457627118644,0.0148945067781198,0.1800625970298986,0.4338176238570848,0.2741766310048247,0.57763547907,0.3974552342623926,5,1,0
3aQem4jVGdhtg116TmJnHz,What’s Next,2,0.7582017010935602,0.5480225988700564,0.0391619609855925,0.0143801553961468,0.3222949722811761,0.0379693727711348,0.4640994534562329,0.3081119890342865,0,0,0
2hjqFVoMk6ssbfgtHEyhsY,Ark,2,0.4349939246658567,0.7186440677966102,0.0244814687213009,0.0164988566958111,0.665522740275174,0.0441577512062093,0.5906612304113461,0.3128243646959283,7,0,0
7exvmI4FqAE4NFYTkF1gR5,Love Is a Battlefield,2,0.5370595382746052,0.527683615819209,0.0189634437223774,0.0003956674677123,0.382292963491844,0.171386616320537,0.3709243718498694,0.4387382058465727,2,0,1
0VjIjW4GlUZAMYd2vXMi3b,Blinding Lights,2,0.433778857837181,0.7016949152542372,0.0572152512119199,0.0015196385071842,0.2020272965674588,0.3224250052443885,0.7211751316332529,0.3456081641697954,1,1,0
3SawmGBjjq8EOYZJV11cJm,Only Wanna Be With You - Pokémon 25 Version,2,0.3803159173754556,0.6779661016949152,0.0090179128002964,0.0012865813642211,0.4940133000401996,0.2311726452695615,0.2648736195705192,0.4085027735290061,7,1,0
0EtcGmf2mVZbHWq2ZGP3t7,Spotlight,2,0.5771567436208992,0.7378531073446328,0.0291737745168185,0.037897739822421,0.2551172161978187,0.1441157960981749,0.3710869592405918,0.5205782501120679,11,0,0
1AgW0DVxsv35FnVKXD3V2U,She Knows This,2,0.2806804374240583,0.6779661016949152,0.0826074334282466,0.1652316879322482,0.5852701950429335,0.2594923431927837,0.169810022887302,0.371876713547538,6,0,0
6jiwr6xTHqjdun5d3cEwXV,Elsie's Baby Boy (flashback),2,0.5565006075334143,0.6259887005649718,0.0228603961329555,0.2203179217235211,0.5587453636563677,0.106356198867212,0.2468764460897732,0.3759484771410108,2,0,0
3jHxjhh7VXy3ksNPN0HBy6,SQUARE UP (feat. Juicy J),2,0.3608748481166465,0.6067796610169491,0.18596830490376,0.0197828437102909,0.6045502956558868,0.2164883574575204,0.1847242893055017,0.3570088950565969,8,0,0
5KCbr5ndeby4y4ggthdiAb,Wonder,2,0.2138517618469016,0.5966101694915255,0.0545116057855237,0.1387479216864439,0.3030425336182867,0.1105517096706523,0.526651825356129,0.2982184585927067,1,0,0
5NhlpQ6BOIz3S5welptk1W,Sober,2,0.6682867557715675,0.511864406779661,0.0099987702432819,0.1313324671376186,0.7269219216138267,0.4105307321166351,0.265236314519054,0.4233365232991908,0,1,0
6siDDghVE7fxel5o7fE4OF,Sweater Weather,2,0.5018226002430134,0.8632768361581921,0.0733466058859769,0.0090092476014977,0.5577796039392906,0.2196349905601006,0.4340270395337494,0.2953495903894289,5,0,0
3yXgttblOo006gd4eGOvw1,Heavy Hearted,2,0.589307411907655,0.8790960451977402,0.0516441836705811,0.0017315086371506,0.203777440119012,0.2301237675687014,0.4463836812286604,0.4295188345645049,9,0,0
1h2nlMzL1hFRaSMKuUHaDB,IN-TO-IT,2,0.2794653705953828,0.9887005649717514,0.2180479830629337,2.5000675336039272e-05,0.5539032716185279,0.2552968323893433,0.7154282927073303,0.3396176604538052,7,1,0
0JgWQReWTanfrbT9FRJ7Jj,Wake Up,2,0.5139732685297691,0.5220338983050847,0.1057707371495644,0.1355698697369473,0.1802979962685412,0.3475980700650303,0.2213064522180672,0.3329576562740698,7,1,0
1supkf9D4Obm2yTHqug3m8,Douha (Mali Mali) (Edit),2,0.7181044957472662,0.8124293785310734,0.1933129837142421,0.0306941554035622,0.3090527999534018,0.4745122718690999,0.4271483422339509,0.2961864973340943,0,1,0
7IuPRPJRgyomRDV7HobwoD,I'm Fucked Up,2,0.4520048602673148,0.7943502824858758,0.2020845253241403,0.0948908047833919,0.5597098049283009,0.132578141388714,0.5271958677789312,0.3571493933641561,1,1,0
5xu3wnPlfdmW7dMiX5XA2P,"End Of Daze (with EARTHGANG & JID feat. Jurdan Bryant, Mereba & Hollywood JB)",2,0.4094775212636695,0.5502824858757062,0.3725119857924752,0.2351488308211715,0.2288742729851604,0.1000629326620516,0.1641694911014671,0.520978509598975,9,0,0
3g5Ic6JpM8T3JdTb3gEqTC,Crystals,2,0.3377885783718105,0.5785310734463277,0.0336919051461704,0.0078969294191739,0.1983034796883306,0.119991608978393,0.4040484260289906,0.3463504813207441,1,1,1
5MZbUlBSqkRJkc0nxp730C,Blue Train Lines,2,0.3013365735115432,0.6621468926553672,0.0204258577887021,0.2637512983666402,0.4000066748983479,0.2416614222781623,0.7147091561714423,0.4207659612884213,2,0,0
2X02fQE8qP1OvtnRrg2bKg,Off My Chest (feat. Lil Pump),2,0.4021871202916161,0.5367231638418078,0.230997375898837,0.0055345774700481,0.2667957144636694,0.3339626599538493,0.4644058681541328,0.3093958623494305,8,1,0
2F1Ndgv2SMC2uwpyRTialz,More Than You Thought,2,0.4738760631834752,0.632768361581921,0.092284586586712,0.1895967528783881,0.5749658419917463,0.1808265156282777,0.1203834561076579,0.4146596111886503,1,0,0
7fSKL7BesYzTxMZa4IbgGl,Hurry 2.0,2,0.3438639125151883,0.9220338983050848,0.1176173285464367,0.2065463632757029,0.2781540709906334,0.2133417243549402,0.6212589266730868,0.3432068764883595,1,1,0
5B1qeFOEeUCMudPEVeasHp,Delete Forever,2,0.4896719319562577,0.7084745762711864,0.0155461976760653,0.0142742203311636,0.3393915252950394,0.3801132787916929,0.2458133746888953,0.4029947037983127,8,1,0
0UgOoittThKoeePLufhLTs,Two Shots,2,0.3183475091130012,0.5717514124293785,0.2622384977136673,0.0051002437036169,0.2733237263560315,0.3706733794839521,0.5581625123503884,0.2839046624365905,2,1,0
3DK6m7It6Pw857FcQftMds,Runaway,2,0.2636695018226003,0.5186440677966101,0.1336386388717201,0.231970778871675,0.6886680596766639,0.0885252779525907,0.181685155771227,0.7076561022006556,1,0,0
1S2zNPB4JaGsinUjdlwn1a,Anything Can Happen (feat. Meek Mill),2,0.6281895504252735,0.7966101694915254,0.0720869706873889,0.0249736618944685,0.5917527522499895,0.1640444724145164,0.5148892529734732,0.316694405817046,2,1,0
2cDCojn6uIBM6A5xTAbl3H,m.A.A.d city,2,0.4009720534629405,0.7005649717514124,0.3632621192491696,0.0569660515194001,0.6268773306402684,0.1997063142437591,0.2211751316332529,0.5399233912162893,2,1,0
2d3QlXE6FXFDeodiS66yjM,Weekend Friend,2,0.3061968408262454,0.5480225988700564,0.0108157152905896,0.0338722073530588,0.2033892732648477,0.1944619257394587,0.3408582112885676,0.3607767009094786,1,1,0
5UWwZ5lm5PKu6eKsHAGxOk,Everlong,2,0.3110571081409478,0.8723163841807909,0.0201009866106112,3.6441662354226736e-05,0.1836070892264016,0.3538913362701908,0.640262891304076,0.4213101560407394,11,0,0
7gkPG2e1tKqXJ8FPmqt3gB,Turn Me Down - Dark Heart Remix,2,0.3669501822600244,0.752542372881356,0.0417299701472277,0.0007516092860559,0.2667957144636694,0.1462135514998951,0.526651825356129,0.3695200129352415,0,0,0
5rxKInBVj0QE87KenyDiLf,Crash Into Me - Settle Down Steavis Aoki Remix,2,0.4592952612393682,0.9570621468926552,0.0161976364935875,0.000618131104177,0.4500063076699067,0.0979651772603314,0.452149280238128,0.4429610428610472,1,0,0
0sf12qNH5qcw8qpgymFOqD,Blinding Lights,2,0.4325637910085055,0.776271186440678,0.0621342821402857,0.0015302320136825,0.2099308173970404,0.3339626599538493,0.7212501719674325,0.3481150493868214,1,1,0
09mEdoA6zrmBPgTEN5qXmN,Call Out My Name,2,0.3693803159173755,0.5468926553672316,0.0183130740745958,0.1800625970298986,0.4993037509735128,0.1556534508076358,0.4908325725077229,0.3897155293136626,1,1,0
5AFrctm65wWIqJsjHPPx85,Midnight Hour with Boys Noize & Ty Dolla $ign,2,0.7752126366950184,0.8926553672316385,0.0709840165127743,0.0024624605855348,0.3732102749681081,0.3171806167400881,0.439605037707768,0.3436338460138292,0,1,0
57BrRMwf9LrcmuOsyGilwr,Crawling,2,0.5139732685297691,0.6700564971751412,0.0152203837493379,0.0493387268406085,0.7072116518587916,0.2857142857142856,0.3088972822892304,0.3599924994948801,4,1,0
57vxBYXtHMk6H1aD29V7PU,Heartless,2,0.4544349939246659,0.7242937853107344,0.1366731120926707,0.0066680826653686,0.2517177903952979,0.1797776379274176,0.7146028490313545,0.3456737629689092,10,0,0
4lLmG1fatRUgnRz0Ol0WUi,Why I Love You,2,0.3924665856622115,0.7898305084745764,0.0291737745168185,0.0274101683890825,0.4579384023167545,0.3601846024753513,0.4234025788861513,0.3477888278554271,5,1,0
2QbTsEUF97LixvDbyKUdCj,Maybes - RAC Mix,2,0.5006075334143377,0.7706214689265537,0.0181504424118745,0.1514601294844299,0.2378204563674436,0.2846654080134256,0.5259139287366961,0.399363712653266,6,1,1
7BdBAeVMiVHbszGoN7WsAt,Memories That You Call (feat. Monsoonsiren) - ODESZA & Golden Features VIP Remix,2,0.5820170109356015,0.5265536723163842,0.0116322642433133,0.0123673891614656,0.256806216290231,0.1745332494231172,0.4021974311192266,0.3763973182259997,10,1,1
3eekarcy7kvN4yt5ZFzltW,HIGHEST IN THE ROOM,2,0.5358444714459295,0.3593220338983051,0.0119587730039329,0.0578135320392659,0.3874138602331251,0.0355569540591566,0.1300073789661943,0.3037325188059142,7,0,0
6ZXqxWmrcUBSnBbnVq5Gl0,Nice To Have,2,0.6901579586877279,0.3943502824858756,0.0332083990855258,0.0795302203608254,0.2039713628809198,0.0210824417872875,0.1426204084695524,0.3957073762179802,0,1,0
0jx15CFfjkYXK0MGZYv2LB,Some Other Way,2,0.5212636695018226,0.5480225988700564,0.0063994966755258,0.2690480516158011,0.256806216290231,0.2175372351583805,0.5276336030616458,0.3039134106874394,5,1,0
1AL43xNYEG5KSoqf9Yd6Cr,Violence,2,0.4155528554070474,0.9096045197740114,0.0433329896685983,0.000630843311975,0.2517177903952979,0.0548563037549821,0.2769613667346198,0.3783657152434331,5,0,1
10dLRZ7GCIXEuUuONkNcxI,Kaleidoscope (Feat. Crystalline),2,0.5540704738760632,0.6508474576271187,0.0267483521082675,0.0073990346137528,0.2039713628809198,0.1000629326620516,0.4521930537663994,0.3645899538507169,0,1,0
1Ounm82xbJhPkaHzk4owtl,Us and Them,2,0.5650060753341434,0.6881355932203389,0.0171743224954445,0.3516774023027105,0.2055189122790468,0.3371092930564295,0.1301699663569169,0.3397906081158018,5,1,0
7cPO2IPraPDlGIguekShlV,Jewel,2,0.3730255164034022,0.4372881355932203,0.0330471995465656,0.1726471424810734,0.8855856155281303,0.0563247325361862,0.3604312317870855,0.3351348886813645,0,1,0
1KbfyEZmBDhaeHnO2w2ZxR,Divide (feat. Kelsey Bulkin),2,0.3730255164034022,0.5220338983050847,0.0173370484419454,0.0140623502011971,0.6206911573437455,0.2364170337738619,0.183279762872544,0.4091942550718103,0,1,0
42pfVZ7DtHXhcAvQvXqHdG,Rock Music,2,0.416767922235723,0.6813559322033897,0.0545116057855237,0.0068375787693417,0.3222949722811761,0.1766310048248374,0.3891841865002439,0.4582502758667702,5,1,1
0fhoeNTlGRZgNlwfVLauFs,Too Many Gods,2,0.486026731470231,0.5751412429378531,0.0322409703282382,0.3537961036023749,0.2066751394345619,0.0769876232431298,0.4098140250384582,0.2539126135597166,0,1,0
6mNMp0g3zkg1K7uBpn07zl,Red Lips (feat. Sam Bruno) - Skrillex Remix,2,0.4507897934386392,0.9875706214689264,0.1889100212534515,0.0005217301950423,0.3477186082211492,0.119991608978393,0.5584376602423804,0.3823687613421956,8,1,0
0Kz9aGVgFvndWkcaiylIt5,Warm Winds (feat. Isaiah Rashad),2,0.2794653705953828,0.4474576271186441,0.3311569592628013,0.2743448048649619,0.7292573849454433,0.1378225298930144,0.1829921082581887,0.5407462109195817,7,1,0
0FLFE8mxBn1yWAX8s2L8ru,All I Need,2,0.1239368165249088,0.423728813559322,0.0332083990855258,0.2934131165619411,0.3874138602331251,0.0711139081183133,0.308528333979514,0.383825782104866,8,1,1
5qozAS2huRB1yn4XDnJtoX,50-50 (feat. Instupendo),2,0.566221142162819,0.3977401129943503,0.0140795383702489,0.0157573112409286,0.539172222888767,0.3664778686805118,0.4648811236039372,0.3567325531485797,8,1,0
64wdPpi4OeCQF4W2oMZ9Wt,XTCY,2,0.4811664641555286,0.7344632768361582,0.0481329136340676,0.225614674972682,0.847264741272387,0.2301237675687014,0.239922708455795,0.3053433707029272,2,1,0
63cd4JkwGgYJrbOizbfmsp,Pure Water (with Migos),2,0.6354799513973269,0.5084745762711865,0.1637401047668769,0.1821812983295629,0.5107931461641293,0.1157960981749527,0.9150355816251234,0.3364573620035037,0,1,0
5LCaw96SsbpHAQFAcbFwbI,Moon Love,2,0.6670716889428919,0.9333333333333336,0.0519630273258313,0.0177700774756097,0.2324780087995275,0.1965596811411789,0.4647623097414861,0.4117903619823859,6,1,0
4HrI0DIPyvRF1cxUUAGQJc,No,2,0.5151883353584448,0.8542372881355932,0.1037624152708775,0.0086172878610598,0.5777906347061434,0.2794210195091252,0.7401165626524258,0.4073648354138711,11,0,0
1dGfvs9UraQu7aTm4mpTd9,Hold,2,0.4617253948967194,0.8395480225988701,0.0950836988909053,0.0161810515008615,0.2551172161978187,0.2259282567652611,0.5896857060670111,0.3777121129828724,5,0,0
2x66KY9ZtoZsMv4z6KgLkV,Fast Lovers,2,0.5078979343863913,0.648587570621469,0.0220492743227375,0.046690350216028,0.1767451077374528,0.4503880847493182,0.5144640244131222,0.304141225273503,4,1,0
1j6kDJttn6wbVyMaM42Nxm,Lord Pretty Flacko Jodye 2 (LPFJ2),2,0.3985419198055893,0.6903954802259886,0.1607540540165182,0.013002999551365,0.125151906634914,0.0215019928676316,0.9524056680465752,0.2048915278028792,6,1,0
3yyYITDgnjAnJ33cn4E9gF,Heaven,2,0.6111786148238154,0.4926553672316385,0.014568566738008,0.2415049347201646,0.7439066036602031,0.0754143066918397,0.3711119726853184,0.3726209111332056,6,1,0
61lwey6oe4payZndOgsNQs,Alley-Oop (feat. iDA HAWK),2,0.4981773997569866,0.6519774011299435,0.0230225736266531,0.1154422073901361,0.219339008538999,0.4052863436123347,0.577191490426104,0.3473120958724642,6,1,0
0c8X4ApJu6CNEXoIb5VKMo,Frontlines,2,0.3037667071688943,0.9220338983050848,0.0807279962217552,0.0119436489015328,0.3639663856600802,0.0969162995594713,0.6022862288480058,0.3690499003521804,11,0,0
5FFoKbF8FK0AIC0i5GjSyM,Lights Out,2,0.4933171324422842,0.8135593220338982,0.0410883348667735,0.0758224930864128,0.2765500667597264,0.013425634571009,0.5650912365396401,0.3923105784819495,6,1,0
1YLJVmuzeM2YSUkCCaTNUB,Dog Days Are Over,2,0.4070473876063184,0.7920903954802261,0.0963262570452152,0.0440419735914476,0.2517177903952979,0.2290748898678413,0.5895356253986519,0.4230822146739811,7,1,0
0MInoMo8EitTC4eqqeobvZ,The Way I Are - OIJ Remix,2,0.6366950182260026,0.607909604519774,0.0124484174853588,0.0594025580140141,0.6579419714939114,0.250052443885043,0.46496867066048,0.2980974735534469,10,1,0
2VfWXoUeWSfI0yzEFRcVCn,Lullaby,2,0.4629404617253949,0.6666666666666666,0.0222115299403784,0.3220155841074097,0.2028062169881295,0.0822320117474302,0.3769088385006942,0.4436940329878862,0,0,0
0Y9D1Bc4fAkeZnVsGKdij6,WANTED U,2,0.1798298906439853,0.6847457627118644,0.0502086397433429,0.1112048047908074,0.203777440119012,0.2762743864065449,0.1707042535362757,0.4219524013343266,7,1,0
7DveMm88o6qrGHfPKI8UMA,Stupid World (feat. Bibi Bourelly),2,0.3912515188335358,0.4350282485875706,0.0291737745168185,0.157816233383423,0.2797520563802588,0.2731277533039647,0.615618394887252,0.3695417217890703,2,1,0
2EEiWAKVfsN0zGK33Ere5b,Falls - Kaskade Remix,2,0.3693803159173755,0.6858757062146892,0.0312729855241202,0.0104181839657745,0.2749399751606036,0.1734843717222571,0.6596045374388733,0.3837268022741022,6,1,0
3bQ3g7uap3wJyU0Pp02C54,Humble Bones,2,0.5261239368165249,0.8677966101694915,0.0280423453966683,0.1175609086898004,0.3463405077844281,0.4933920704845814,0.402122390785047,0.4619294604739454,0,0,0
6jKVU3e0gnQLj3iifJBvVN,Loyal,2,0.4131227217496962,0.9220338983050848,0.0804145526731116,0.0055133904570515,0.4024906523311833,0.2469058107824627,0.527045787110572,0.3581921035915973,2,1,1
3a2tuvXCHbW5nuUckuHkKT,Little Talks,2,0.3499392466585662,0.7322033898305085,0.0127747680690756,0.021795609944972,0.2984817072944668,0.4136773652192154,0.2951523944119965,0.4428056750209526,1,1,0
1hKqEI2bAnpvMzCh92H9zF,Celebrity Crush,2,0.7059538274605104,0.6903954802259886,0.0527598724705768,0.0560126359345512,0.3861382412571021,0.2322215229704216,0.1208462048350988,0.3099810835545769,8,1,0
2vSQ9NSh7eiU6uxeqSBXiu,Twin Turbo,2,0.6889428918590523,0.8757062146892656,0.0163604568332514,0.2701074022656332,0.2234030599616023,0.4409481854415775,0.5462936328276449,0.3253414895827031,0,1,0
58TaFP5j5i9swOf584yon2,HOUSTONFORNICATION,2,0.6464155528554071,0.6937853107344633,0.0946175031282049,0.1043190255668982,0.3164562050980744,0.2741766310048247,0.652619532998987,0.3738276613067349,0,0,0
4adY7jgVhIsCTwi2zsduAi,Ashley Olsen,2,0.3778857837181045,0.3740112994350282,0.230997375898837,0.0801658307507247,0.676349631211421,0.1241871197818334,0.5085671048188403,0.2184873641101072,10,1,0
1a5Hi6hk75ftgzAVMkj5Lw,If There's Time,2,0.3803159173754556,0.592090395480226,0.0129379196489563,0.0016679475981607,0.4442754577205915,0.1283826305852737,0.5280400715384521,0.3389301655913748,10,0,0
7p4vHnYXkxlzvfePJVpcTr,Feels Like Summer,2,0.4775212636695018,0.5502824858757062,0.171182150381034,0.1715877918312412,0.1836070892264016,0.237465911474722,0.6882261715672173,0.4812455339359077,7,1,0
6dO9BPEIFlM3C7FN7oeVmw,FLY (feat. WiDE AWAKE) - Original Sin Remix,2,0.2831105710814094,0.9310734463276836,0.0265865330178715,0.0007908052600997,0.44542605743947,0.1776798825256975,0.7397413609815275,0.4067627543375443,10,0,0
3Fd7afY38ng56uHQJ1bbWr,Lemon Glow,2,0.3754556500607534,0.8146892655367232,0.0083636903264966,0.4756214283330747,0.4147460128007148,0.5175162576043633,0.5800492764861114,0.4135491925898032,0,1,1
4SzZq7O8bVDG4WsbBVYNzk,"Oh I (feat. Jeremih, Young Thug & Sevyn)",2,0.5443499392466586,0.6406779661016949,0.084172030514023,0.1281544151881221,0.5138919900343559,0.2752255087056848,0.2510411846367422,0.3644707159060202,0,1,0
6Hgh47WXVKtXN5zGOu0hjI,OTW,2,0.6014580801944108,0.6429378531073446,0.0481329136340676,0.1938341554777168,0.2324780087995275,0.2657856093979442,0.1082456820541041,0.4380969994177586,2,1,0
0L0VMu7ovN7rmTtC8QQrqj,Need You,2,0.7241798298906441,0.7242937853107344,0.0165232614331172,0.2775228568144585,0.2080193213122316,0.3790644010908328,0.3896844553947747,0.3464045069495274,8,1,0
6400BZ7REh8DshcZKU7Pfp,Chameleon,2,0.6816524908869989,0.9310734463276836,0.0285273366691347,0.0018904112346255,0.4918848668496688,0.1787287602265575,0.4022161912027714,0.3429544502642686,4,1,0
63SevszngYpZOwf63o61K4,Nevermind,2,0.5382746051032807,0.6542372881355931,0.2678569589112899,0.1684097398817447,0.5990924883750064,0.0552758548353261,0.2770113936240729,0.2676528785939406,5,0,0
6y2DHyCYf6azhUfXmnuH6w,Question!,2,0.0607533414337788,0.976271186440678,0.2452697679447865,0.0008522475977899,0.5107931461641293,0.3538913362701908,0.7816951611491176,0.3465256304551301,4,0,0
0dxPHMZTI8TWMYRucsAFNd,Attack,2,0.2332928311057107,0.9728813559322032,0.1032986160715445,0.0052697398075901,0.0950007141348289,0.2857142857142856,0.6509748990082169,0.3227451315984896,6,1,0
6gM5j4qoYpwxVtozjwXpOO,Be Ok Again,2,0.385176184690158,0.6610169491525423,0.0364291539053481,0.0204184541001902,0.1994837367328398,0.3245227606461086,0.6213902472579012,0.3891442704026714,0,1,0
2wTxyU2Uit83czU58A2BCl,Sleep Like Owls,2,0.6087484811664643,0.6463276836158193,0.0135903679600709,0.2648106490164724,0.2517177903952979,0.0969162995594713,0.483497379841665,0.3655191805363362,10,1,0
3LxmFSzJRKmhiV2A6UVi3s,Hyrule Temple,2,0.4993924665856621,0.8248587570621468,0.005252658236928,0.0154395060459789,0.3490928858883811,0.0979651772603314,0.5269957602211188,0.320646170972456,0,1,0
6myGkqGUBfCiutB0HlA5gi,Dusty Stars,2,0.6938031591737546,0.7898305084745764,0.0381979471172553,0.0435122982665315,0.2270594103154767,0.4000419551080343,0.5149455332241082,0.3310357805607692,2,1,1
6hTQD2DUPajxh5lObhH9y1,Music To My Ears (feat. Tory Lanez),2,0.4191980558930741,0.6090395480225989,0.0458946514337148,0.0054074553920683,0.3797138703149854,0.277323264107405,0.226109033605563,0.3339751937529726,0,0,0
4E9VP2K0XOeLH80Ba2xZg4,Ven,2,0.7120291616038883,0.6937853107344633,0.2901452204520019,0.0087444099390396,0.4465744294662732,0.3811621564925529,0.3717310554423003,0.3219431952323318,0,1,0
7qfUtR9mhwE3Eijc35SH9c,Nunchi,2,0.511543134872418,0.5943502824858757,0.0428522440022669,0.1260357138884578,0.1516053066307973,0.4829032934759806,0.1520817439373663,0.38839574075453,8,1,0
7GtQdN3Dd8p8oNk90iexfv,HyperParadise - Flume Remix,2,0.5188335358444714,0.823728813559322,0.1054619203921206,0.0632162203534099,0.1947383025282033,0.3318649045521292,0.558562727466013,0.4427116434598516,6,1,0
2ePoEiXsyEGoQleZsTFIIo,Like Water (feat. MNDR),2,0.2260024301336573,0.3536723163841808,0.0173370484419454,0.157816233383423,0.7088051652470804,0.0301027900146842,0.5004627487274411,0.3349684500460466,4,0,0
2qpqw7z7fJIQIQQlUdmf82,Right Now (feat. Njomza and Alex & Alex),2,0.6136087484811665,0.6903954802259886,0.021887003071275,0.0075791242242242,0.3030425336182867,0.0677574994755611,0.2519541753692609,0.3457983728966803,5,0,0
0aCsQvJk7VXZ6HCHfV5vtj,The Little Things - Kasbo Remix,2,0.3985419198055893,0.5706214689265536,0.0272337161104744,0.225614674972682,0.2142889555266386,0.2039018250471994,0.1835236439586278,0.3182676176666894,10,1,0
7cQnIhLin7koR2sO2bt2KS,So Am I (feat. Damian Marley & Skrillex),2,0.589307411907655,0.7706214689265537,0.1756316435425514,0.0256092722843678,0.3639663856600802,0.3486469477658904,0.713889965856648,0.3861213568750535,0,1,0
7ddXYLA5CBEgQA7KbqWJIb,Higher,2,0.5334143377885784,0.648587570621469,0.0583272566547641,0.1620536359827517,0.3030425336182867,0.0697503671071953,0.2831271808597121,0.4259786312588182,5,0,0
7DT8GwyRKluJhnl0BEOUA2,Pretty Thoughts,2,0.3061968408262454,0.4248587570621468,0.1229747178740407,0.1885374022285559,0.3652971393372859,0.0969162995594713,0.021080080543292,0.3644738541738023,9,1,0
2IDMCaW8K2nrFOoR5UANUo,Fallen,2,0.4155528554070474,0.6813559322033897,0.1487566235319221,0.1281544151881221,0.2202665979576039,0.2143906020558003,0.1678652275598134,0.4373834153598375,1,0,0
0gEyKnHvgkrkBM6fbeHdwK,Linger,2,0.3426488456865127,0.3672316384180791,0.0034489042061708,0.0829201424402883,0.2892172538370737,0.1860709041325781,0.2449191440399215,0.4532629435740433,7,1,0
1DRW9bQzt2SE8f7H4KJZyL,Sky Walker (feat. Travis Scott),2,0.5735115431348725,0.6870056497175141,0.0635597009151806,0.0927721034837276,0.5509819092671822,0.1074050765680721,0.5645534474780196,0.4342014027561118,6,1,0
7x6cBmHXwdS1EGwVx4silu,Only Us,2,0.2928311057108141,0.7016949152542372,0.0687759387898353,0.0062655294184323,0.1552279842876136,0.1944619257394587,0.2683629951098715,0.3520539885005915,1,1,0
6vAPPcbTWRvRiDCW2n3lw5,ILL NANA (feat. Trippie Redd),2,0.4750911300121507,0.7231638418079096,0.053078504991062,0.003553591754862,0.3758214081911824,0.3633312355779315,0.1518065960453744,0.3401495831697664,7,1,0
3cYgOAFB1HAUhC7b7U8viI,Porcelain,2,0.1701093560145808,0.5966101694915255,0.015057453145815,0.0014560774681943,0.4326440098193646,0.3203272498426683,0.2442000075040334,0.4082380453126614,0,0,0
1SARbfnOIcuohWfh4pdLuC,All There Is (feat. Steffaloo),2,0.5358444714459295,0.7096045197740113,0.0197760527523775,0.0490209216456588,0.3924862143819118,0.277323264107405,0.5022637167477519,0.4344904491430316,5,1,0
1U6IMPy20hUBq1foQxkcw2,All Over You,2,0.4386391251518834,0.6406779661016949,0.2818216507147763,0.1451040255854369,0.2717012491631305,0.2647367316970841,0.4607914253911478,0.4436288713724495,1,1,0
4YaNLEPw3MrIgkGOkBrAh2,Across The Room (feat. Leon Bridges),2,0.496962332928311,0.5401129943502825,0.010488984824534,0.0163929216308279,0.2413413330580694,0.2301237675687014,0.1648823742761735,0.4643697007837096,6,1,0
5Nu5Uyoauauy9LFePYL1Z3,Late Night,2,0.5528554070473877,0.5864406779661017,0.0815113499648897,0.037897739822421,0.3652971393372859,0.4273127753303964,0.4337581450029391,0.3893929952705654,2,1,0
63yesoRJgXT5QALryYFV0X,Boy,2,0.4349939246658567,0.6519774011299435,0.1090098988223714,0.0034052826638855,0.1493186967787619,0.1273337528844136,0.527370961892017,0.3178949862790236,0,1,1
199ydjP4O3NR8wgRLLcUNE,Just Kids,2,0.5054678007290401,0.7638418079096045,0.050846810339081,0.0683011034726044,0.4756900254293428,0.3580868470736311,0.2145215553359931,0.4468088464305772,0,1,0
1qj5XPR8Ye4QVZAgmV7qEv,Need To Know,2,0.3159173754556501,0.6090395480225989,0.0755487030100333,0.2552764931679828,0.2000723632235578,0.1661422278162366,0.4990995159898445,0.3584675017141635,7,1,0
2cZLzOZgVEv0YXXwOmh54A,Cold Water - Afrojack Remix,2,0.5151883353584448,0.902824858757062,0.0207506663108277,0.0073142865617662,0.1699495348311684,0.460876861757919,0.5897920132070988,0.3300197032781242,9,1,0
69vD3bK7ud5QCeqlAxDH6A,ILYSM,2,0.5990279465370596,0.8757062146892656,0.0134272795774323,0.0510336878803399,0.2813440901793983,0.3675267463813719,0.4397301049314007,0.3471013149929569,1,1,0
3LYv1fJdCLMBvsqDyzHrCT,Closer to the Sun,2,0.4933171324422842,0.6994350282485875,0.0050887604038951,0.2107837658750316,0.419574028838148,0.5196140130060835,0.1223595182410545,0.2453412909417385,7,1,0
4fvIyN0CH6uZm4A7YnKHq7,Someone Else,2,0.4799513973268531,0.5807909604519774,0.015057453145815,0.0471140904759609,0.2634928470580722,0.34340255926159,0.214402741473542,0.3149444548525809,0,0,0
3fSXKZEE0elPIxlrGsNdd2,We Love (feat. MNDR),2,0.7083839611178615,0.8361581920903954,0.1412145948860891,0.2287927269221785,0.2378204563674436,0.382211034193413,0.2084495416286254,0.3558576216011063,2,1,0
4ySVQmNBOiZHGp5vDoIrut,Darkest (Dim),2,0.4592952612393682,0.4994350282485876,0.0137534405510481,0.0644874411332085,0.5568125203550753,0.1157960981749527,0.1960116062383531,0.4950308725461963,6,1,0
3kKX2SSrYHYGbX9fIpipoM,Distant,2,0.5018226002430134,0.4293785310734462,0.0249674863809678,0.0423470125517161,0.2306804311269926,0.0811831340465701,0.4703403079155047,0.3877959697039813,9,0,0
4csv5dGlZ7svAgdQq21ZxU,IMISSU - Radio Edit,2,0.3778857837181045,0.6870056497175141,0.1622477411938122,0.001710321624154,0.7872065099339784,0.1157960981749527,0.5330177470390336,0.347284324506044,9,1,0
3FaRqzOBn7lvgMdaGYLc1r,Feel Good,2,0.4471445929526124,0.8813559322033898,0.0615003752232313,0.0016255735721674,0.4024906523311833,0.1147472204740927,0.5279087509536375,0.3710230636701726,1,1,1
5M4yti0QxgqJieUYaEXcpw,Eventually,2,0.3244228432563791,0.5717514124293785,0.0132641754000736,0.0167107268257776,0.1915378038861501,0.1346758967904342,0.1391748064584714,0.5058069872586106,9,0,0
75ubRdFuteS8EkIINGYbvv,Young Man,2,0.5042527339003645,0.5141242937853107,0.0786895696085742,0.037897739822421,0.5917527522499895,0.1934130480385986,0.3270945633277888,0.2759015649608167,10,0,0
4CzXwuzqEdmZp0N9RmZvqE,Steal My Attention,2,0.5236938031591738,0.6700564971751412,0.3459478359714193,0.0737037917867484,0.2465636992435376,0.3171806167400881,0.3081093587803444,0.4349203262172235,7,1,0
1pGAvZo2axYXAXYiSeYEqY,911 / Mr. Lonely (feat. Frank Ocean & Steve Lacy),2,0.3924665856622115,0.5661016949152542,0.4077216065156304,0.0482793761907763,0.5055957429961018,0.2836165303125655,0.2148342233950749,0.4282654713538393,0,1,0
1qcyw35R6PiMBYfSSK7gDm,Say It (feat. Tove Lo) [Illenium Remix],2,0.3948967193195626,0.7457627118644068,0.0494105862848228,0.0363087138476727,0.2127790574145519,0.4199706314243758,0.5878847380467,0.4435884661705279,6,1,0
4n6z0yh2ZpoGh0RNyGVu52,One Day They'll Know (ODESZA Remix),2,0.3742405832320779,0.6836158192090395,0.0119587730039329,0.0062337488989374,0.3193847120306456,0.2804698972099853,0.5274522555873784,0.4348591317867378,11,0,1
3z9eNoQmaEX53ZzfKgagaH,3,2,0.2272174969623328,0.5344632768361581,0.1442354605964934,0.0247617917645021,0.2601632344769109,0.3066918397314873,0.1661705666795902,0.3198890544419916,11,0,0
4hHpf4AuRjKvNtcTCwqx3K,Ultralife,2,0.3183475091130012,0.768361581920904,0.0434932077329347,0.1864187009288916,0.353193096481662,0.4367526746381371,0.2474580086796653,0.3641159428251143,3,1,0
2uRZUJxvvsndpNpF0vSwDl,Darkest (Dim),2,0.439854191980559,0.4994350282485876,0.014568566738008,0.0626865450284939,0.560672933140175,0.119991608978393,0.1947984541691159,0.4950308725461963,10,0,0
1Iq2fxLlj61cwjNDZSk86l,GOOD MORNING (feat. The-Dream),2,0.0449574726609963,0.4813559322033899,0.0103255958181482,0.1281544151881221,0.2080193213122316,0.1378225298930144,0.2063796790775041,0.3892568067628812,10,0,0
6xr3MVHxQaOtBybv0uD8ir,Blast,2,0.4216281895504253,0.6305084745762712,0.0041050383069999,0.0132148696813314,0.7643192366512646,0.1629955947136563,0.4394737171229536,0.221418264642409,6,1,0
2IhtdzQ6JKAlYteLzT4q4z,Apathy,2,0.2697448359659781,0.6384180790960452,0.0099987702432819,0.006223155392439,0.2135347953436663,0.039647577092511,0.2758857886113786,0.513519952877824,8,0,0
15BlympuVSfZFROojEMY2M,Don't Let Me Down (feat. Daya) - Illenium Remix,2,0.3292831105710814,0.6180790960451977,0.0811980521903835,0.0795302203608254,0.3045525883429355,0.3444514369624501,0.1498868141626124,0.3755205698348042,11,1,0
1z3biBuZuyoywGDeAXIJvp,Breaking Hearts,2,0.3778857837181045,0.431638418079096,0.2762496615724938,0.1821812983295629,0.2892172538370737,0.0690161527165932,0.2067736408319472,0.3520539885005915,1,1,0
5KWV7S3osWbeOMPHCeWVyK,Bambi,2,0.7181044957472662,0.5807909604519774,0.0067270214105139,0.1154422073901361,0.3045525883429355,0.1923641703377386,0.3087034280925998,0.420558269675882,5,1,0
6WJU4LwHXDO3kEMlqtcoWG,Divinity - Mazde Remix,2,0.629404617253949,0.496045197740113,0.1472509174128494,0.0341900125480084,0.1800900688084276,0.1818753933291378,0.5272146278624761,0.4529187651431502,0,1,0
33umhvUI5zJRxXDQcYk4Uj,Needed Me - Recorded at Spotify Studios NYC,2,0.5273390036452005,0.655367231638418,0.0091814287169257,0.157816233383423,0.2062901499906189,0.4147262429200755,0.1623372562752479,0.4703964425969819,7,1,0
5p3NP9mQblDsVJLdfNZJ3I,GOD.,2,0.6670716889428919,0.5062146892655368,0.0910390417896218,0.0367324541076056,0.4657679454050401,0.1871197818334382,0.483391072701577,0.4189414234067105,0,1,0
5RVF3WIJIZRExS9oyDmkGL,Alchemy,2,0.3195625759416768,0.3129943502824859,0.018638290293044,0.1832406489793951,0.2270594103154767,0.1892175372351583,0.4023537651487675,0.4942850218953029,11,0,1
2NRAc1d87vKn0OHK5J73gM,Scared To Be Lonely - Medasin Remix,2,0.416767922235723,0.7536723163841809,0.4012565997972302,0.231970778871675,0.2413413330580694,0.171386616320537,0.3722250709756494,0.3648267619499326,6,1,0
00CujlY4ya5p2FNDu9BCZP,I Want U - GANZ Flip,2,0.2417982989064398,0.727683615819209,0.118077201715999,0.0239143112446363,0.3449585524987206,0.3392070484581497,0.1288505071475919,0.4238692592533709,8,0,0
1jJci4qxiYcOHhQR247rEU,Kids,2,0.3572296476306197,0.928813559322034,0.0763344689842563,0.0007780930523017,0.5539032716185279,0.1525068177050555,0.4207386470227748,0.4876834824066268,9,1,0
1UYj8qTWjneZJDVjUMwMub,The Moment,2,0.4738760631834752,0.8112994350282485,0.0364291539053481,0.0002865543507796,0.1943398779120515,0.4451436962450178,0.3965256325274836,0.4279410750247132,7,1,0
4iG2gAwKXsOcijVaVXzRPW,Time to Pretend,2,0.3414337788578372,0.9389830508474576,0.0338530429908133,6.557380522461148e-05,0.4918848668496688,0.4136773652192154,0.2833460485010693,0.4354294957560081,2,1,0
2Ce5IyMlVRVvN997ZJjJJA,Selfish (feat. Rihanna),2,0.3134872417982989,0.2937853107344632,0.0797874905111615,0.0320713112483441,0.5749658419917463,0.0678623872456471,0.2505534224645747,0.4225115194675169,8,1,0
5M67k54BVUDADZPryaqV1y,Aqueous Transmission,2,0.3134872417982989,0.3920903954802259,0.0176624531733222,0.0052803333140884,0.3449585524987206,0.0701699181875393,0.6019360406218344,0.6465099944309576,9,1,1
3n69hLUdIsSa1WlRmjMZlW,Breezeblocks,2,0.5577156743620899,0.6180790960451977,0.0163604568332514,0.1016706489423178,0.381004989528222,0.2720788756031046,0.590267268656903,0.387798940945985,5,1,0
3eR23VReFzcdmS7TYCrhCe,It Ain't Me (with Selena Gomez),2,0.5868772782503039,0.4790960451977402,0.0742907143935574,0.1260357138884578,0.1955337643238638,0.5122718691000628,0.2769551133734383,0.3783368562854434,0,1,0
3sgQqearnvzGKqXLgA49ff,It’s Only (feat. Zyra),2,0.2976913730255164,0.5401129943502825,0.2180479830629337,0.1821812983295629,0.4123163964665194,0.0790853786448499,0.4024350588441288,0.444629957754267,9,0,0
6zs65xqwddCRqcxJfKEgPT,Like Water,2,0.3438639125151883,0.2225988700564971,0.0083636903264966,0.0988104021877709,0.216916232572664,0.1178938535766729,0.3885275835761723,0.3735189968329149,0,0,1
0m5HCOpIKSaidlHOzqZB4z,Wasted Youth (Michael Brun Remix),2,0.3232077764277036,0.6282485875706215,0.0430125078061658,0.1408666229861082,0.31054304971723,0.4231172645269561,0.1263866828420276,0.3941499650236322,8,0,0
6jq6rcOikCZAmjliAgAmfT,Light,2,0.5018226002430134,0.7389830508474576,0.0532377986475535,0.0907593372490464,0.2087851496699208,0.4231172645269561,0.590373575796991,0.4063646871349213,1,1,0
0PUWNk7gooEAHUMW5V6e39,Make Me (Cry) - Marshmello Remix,2,0.5613608748481167,0.847457627118644,0.1014421409447334,0.0048989670801488,0.1872907498770513,0.4954898258863016,0.6201708418274825,0.3526787271427663,0,1,0
2pzuU8vLaG8W1P31X65ZP9,Voices In My Head/Stick To The Plan,2,0.3827460510328068,0.488135593220339,0.3094083802577398,0.1493414281847656,0.6587877979847017,0.106356198867212,0.5593068774466277,0.4098408851751947,1,1,0
2HzGcYDlF6pCgOXdXY5zXQ,Phone Home,2,0.5188335358444714,0.5853107344632769,0.2166029961171443,0.0723266359419666,0.2938737774664774,0.2888609188168659,0.5775229185687307,0.3316496899665263,0,0,0
6yIdwnpDHufLWgQcveTPMk,I Don’t Wanna Live Forever (Fifty Shades Darker),2,0.7023086269744836,0.3864406779661017,0.055148148241179,0.0668180125628393,0.5180013433910127,0.0625131109712607,0.3895468814487787,0.4139028848176051,0,1,0
2wf9bp4MkChojtljddWpbO,PRBLMS,2,0.6257594167679223,0.5254237288135593,0.1188433780551318,0.0320713112483441,0.3477186082211492,0.0832808894482903,0.2960341183386071,0.4160953710156188,9,1,0
2BVUOGciUUUqOPSLtHwLGp,GUD VIBRATIONS,2,0.433778857837181,0.9209039548022598,0.0447744038251544,0.0001933314935943,0.1576936488990083,0.0428990979651772,0.6022924822091875,0.3835152683732045,8,1,1
4gipAzWetrklPX9RlJWO61,immortal,2,0.6002430133657352,0.6305084745762712,0.047973136376512,0.0006096562989784,0.1769551774563441,0.3643801132787916,0.6519629300749155,0.3478981398648587,8,1,0
5J5PXmMdQ2nh1lZOal8KmK,Litty (feat. Tory Lanez),2,0.528554070473876,0.6689265536723163,0.0980332789837591,0.0477497008658602,0.5200465367885327,0.2678833647996643,0.4616356291506685,0.4607253709787035,10,0,0
7FxWJX9m6V4d9lYZ5vogqW,Starboy - Recorded at Spotify Studios NYC,2,0.3402187120291616,0.7796610169491526,0.4685546644716168,0.0566482463244505,0.4159568937542369,0.3790644010908328,0.2398851882887052,0.3634888743136232,8,1,0
4RhGCDt69efGdC1SxJRI5r,Party Monster,2,0.5249088699878494,0.5796610169491525,0.0837028039917396,0.201249610026542,0.3251873227275855,0.1797776379274176,0.1364358342609152,0.4230452862988099,1,1,0
1WvGWCDuj0dfRpuBuYecXp,Enough!!,2,0.6306196840826247,0.5209039548022598,0.0657746237847453,0.2658699996663045,0.4865325350459784,0.2196349905601006,0.1357104443638456,0.346677804474115,2,1,0
4TDoUr2meaXsfbPFMdrqOE,Me and Your Mama,2,0.4835965978128798,0.3898305084745762,0.0153832985917383,0.0122614540964824,0.1630053721174037,0.1965596811411789,0.3897344822842278,0.5691527913695633,5,1,0
6u9RqxALwkjJ1ukB1y8vuP,You've Got The Love,2,0.5066828675577156,0.6723163841807909,0.0122852184753952,0.0047930320151656,0.2342671271421795,0.3580868470736311,0.3396825793864202,0.2907748366574788,6,1,0
5oFyFiDVQthHcJUJmL6Q7S,OffOffOff,2,0.5856622114216282,0.6870056497175141,0.0969471925051024,0.1821812983295629,0.3120284688116029,0.1273337528844136,0.2463449103893342,0.3882265838333177,7,1,0
6zeGrGo9LKCSVl1xeKv1ar,False Alarm,2,0.433778857837181,0.6587570621468926,0.0774339257986839,0.0238083761796531,0.2876540116413867,0.1955108034403188,0.7396225471190767,0.39358315332199,8,0,0
3UWMvlNnUHjY48CfhvfOOg,$ (feat. Donnie Trumpet),2,0.345078979343864,0.696045197740113,0.3216764957280451,0.0612034541187288,0.1907329502184711,0.4294105307321166,0.3090536163187714,0.3510398686009107,1,1,0
6w2VaBGWcColW05nZROWvS,To D.R.E.A.M.,2,0.3924665856622115,0.4677966101694916,0.1275532404456971,0.0103440294202862,0.2938737774664774,0.0747849800713236,0.5127255900046275,0.5287553199846313,7,1,0
33zbOXJSwW7uf4VXXWow2O,the ends,2,0.520048602673147,0.7096045197740113,0.253775504115808,0.0699960645123358,0.2033892732648477,0.0242290748898678,0.7264779819152796,0.3476092995957264,4,0,0
2Zy7XVdxyZQB8xp5xbpJdl,way back,2,0.2904009720534629,0.5028248587570622,0.0396437610695539,0.2351488308211715,0.7658131390050777,0.1504090623033354,0.3858636517127956,0.4504427085846148,0,1,0
51EC3I1nQXpec4gDk0mQyP,90210 (feat. Kacy Hill),2,0.2976913730255164,0.4711864406779661,0.1051530469970318,0.1196796099894647,0.2306804311269926,0.2993496958254667,0.1608677163975636,0.5282714647284952,9,0,0
046irIGshCqu24AjmEWZtr,Same Ol’ Mistakes,2,0.3438639125151883,0.784180790960452,0.03240224705156,0.2107837658750316,0.1361735166487003,0.4975875812880217,0.6009355028327725,0.5861707819841055,8,1,0
3NJG6vMH1ZsectZkocMEm0,Tiimmy Turner,2,0.5419198055893074,0.696045197740113,0.0243194316612826,0.1842999996292273,0.1796738177098448,0.290958674218586,0.4197506159560764,0.4063646871349213,6,1,0
0aJ6PIOxiWnhCRGBPFJzgG,All Eyez (feat. Jeremih),2,0.3183475091130012,0.6169491525423729,0.3311569592628013,0.0604619086638463,0.2144772502049762,0.34235368156073,0.1322961091586728,0.3699245463822728,0,1,0
4SgRoETpc8GEkVgBh5OrZs,Black Beatles,2,0.7739975698663427,0.5909604519774011,0.0653002426214752,0.1504007788345977,0.2700724710167928,0.3444514369624501,0.5643470865590254,0.474618022617312,0,1,0
2P44g2cDbKJ8kuGG6XkMma,Needed Me - Salva Remix,2,0.5492102065613609,0.56045197740113,0.0518036130437301,0.2097244152251994,0.2482891833663695,0.0895741556534508,0.3456920594819715,0.4063277048930974,0,0,0
6NSjdFYF2zxgQ7UvsKoRxy,Jackpot (The Him Remix),2,0.5674362089914946,0.8531073446327684,0.0518036130437301,0.0222193502049049,0.4159568937542369,0.3916509335011537,0.4149167677626724,0.330211890090264,2,1,0
17AS0y6FnHdYImAPUydAJg,Jump Out the Face (feat. Future),2,0.6585662211421628,0.4903954802259888,0.1771121994023022,0.0435122982665315,0.3449585524987206,0.118942731277533,0.465156271495929,0.2779765271762442,0,1,0
3vv9phIu6Y1vX3jcqaGz5Z,Roses,2,0.675577156743621,0.7830508474576272,0.0513252796397095,0.0460547398261287,0.5014078582839376,0.3318649045521292,0.2771614742924322,0.387292044838137,4,1,0
1i1fxkWeaMmKEB4T7zqbzK,Don't Let Me Down,2,0.4556500607533414,0.8587570621468926,0.2266919653341579,0.1662910385820803,0.2829302383957348,0.4147262429200755,0.6511249796765761,0.3590606748094143,11,1,0
52ojopYMUzeNcudsoz7O9D,"New Person, Same Old Mistakes",2,0.3803159173754556,0.7909604519774012,0.040767425532342,0.2881163633127802,0.1110442833503305,0.4860499265785608,0.6013044511424892,0.5533534068903396,8,1,0
5QcTwY2zSTX2hrVj2oHIbu,Nas Album Done (feat. Nas),2,0.5504252733900364,0.7355932203389831,0.4993891431788697,0.0323891164432937,0.4314680176303815,0.3413048038598699,0.2137211251047437,0.3400864520491017,0,1,0
1Bzt8ya4lki8tDYrMZxb5E,For Us (feat. Briana Marela),2,0.3110571081409478,0.5062146892655368,0.0166860502962279,0.1059080515416465,0.397511380763857,0.0243339626599538,0.3398639268606877,0.5388519723765577,9,0,0
387d34iruAkp5VeT07TmJZ,Get You Alone (Featuring Jeremih),2,0.3110571081409478,0.6282485875706215,0.2650500712915458,0.010534712537256,0.5587453636563677,0.2206838682609607,0.2271908650899859,0.4569132108609894,6,1,0
73FCPll1CK0sklAt1VlmFc,Fall In Love,2,0.2077764277035237,0.848587570621469,0.1502609846699145,0.0505040125554239,0.3899560189570429,0.2710299979022445,0.8263754267919008,0.3819954443148014,2,0,0
2QOMGq8wVTZbLmh7McrvgF,Scar Tissue,2,0.3402187120291616,0.6870056497175141,0.0238332269188398,0.0824964021803555,0.2360479044704916,0.5458359555275855,0.7654489287992297,0.3708685140134273,0,1,0
0T3ruvJQNQeTyK7tWKvdoX,Waves,2,0.5261239368165249,0.5209039548022598,0.021887003071275,0.0449953891762966,0.5251323229485689,0.0165722676735892,0.2522605900671611,0.314191263380173,10,1,0
0rcDFdi19NtKf9NbHxr0k9,In Common,2,0.5953827460510329,0.6440677966101696,0.0930625845596186,0.0192531683853748,0.0896033667427154,0.2888609188168659,0.4030854084070188,0.3601367740327817,8,1,0
3waPeaG7cBwGYsXC4EEsQa,Numb & Getting Colder (feat. Kucka),2,0.5394896719319563,0.6101694915254238,0.0929070137145585,0.3453212984037175,0.2116424704660899,0.237465911474722,0.3775341746188577,0.4937152157227198,8,1,0
6oSUPXy9mecemxpzrwhLaC,It’s Only (feat. Zyra) - LuQuS Remix,2,0.4058323207776427,0.4451977401129944,0.1039169866244807,0.0937255190685765,0.4338176238570848,0.1357247744912943,0.7696762009580149,0.4338454868066858,4,0,0
3LiQ4pL4kL77YeYDd2vDWY,Frolyfe,2,0.4908869987849332,0.6655367231638417,0.092284586586712,0.0041044540927747,0.256806216290231,0.1367736521921543,0.5278024438135498,0.3866177277376935,7,0,0
6Kvoubt8zigmnFWLMRWu6U,Fly (Original Mix),2,0.6233292831105712,0.6734463276836158,0.0282040246731329,0.0134267398112978,0.2395848957709971,0.3098384728340675,0.5586065009942847,0.4416523573721336,2,1,0
5SI3WZ3UyZU8SQzRqPwSzR,Pvrple Forest - Original Mix,2,0.4653705953827461,0.7333333333333334,0.0301429662845993,0.0006679205847191,0.456811618193984,0.2039018250471994,0.5406155808747202,0.4172435592735048,10,0,1
7vaDLaAplrHCPSkbBnysIV,Koto,2,0.4459295261239369,0.6090395480225989,0.0338530429908133,0.0096342644848986,0.5843394292907935,0.0745752045311516,0.2773240616831547,0.3362562346281197,7,0,0
68LvLfDjv953wsFA6IkJBl,Indica la Roux,2,0.3171324422843257,0.5887005649717514,0.2395753172718375,0.1525194801342621,0.3351741379980707,0.3192783721418082,0.6206210838325601,0.3882310361909087,1,0,0
5PnBpKOVvQxeFvXVNYSoxs,"Show Me Love (feat. Chance The Rapper, Moses Sumney and Robin Hannibal) - Skrillex Remix",2,0.3171324422843257,0.7740112994350283,0.091506229045473,0.084721038545003,0.5220854852769816,0.158800083910216,0.4612166539514989,0.4091900162698498,11,1,0
6ttg1sxtU12beFZkjoc6j5,Gold Lion,2,0.4422843256379102,0.8350282485875706,0.065458384523277,0.0215837398150056,0.1846344238728426,0.2836165303125655,0.6444714033793164,0.3238960347847685,9,1,0
4KtoYXdvnvS0OkZTqy6fAb,Hurry 2.0,2,0.3487241798298907,0.9242937853107346,0.0893249121943146,0.2033683113262064,0.2055189122790468,0.2311726452695615,0.621240166589542,0.4287340585375359,1,1,0
337a6PuAnHTwyBOs6MfwMY,Liquor Stains,2,0.3110571081409478,0.7999999999999999,0.4784832543594735,0.0372621294325217,0.2601632344769109,0.277323264107405,0.283402328751704,0.4280289567302752,8,0,0
4KAhc69yQjKk9cZUMxZ3n9,Make Me Fade,2,0.5176184690157959,0.6,0.2678569589112899,0.2415049347201646,0.4314680176303815,0.2185861128592405,0.1521630376327276,0.4155389088978184,2,1,0
0VmiEkiAVBLCd6mNguCJW7,For Us (feat. Briana Marela),2,0.3645200486026732,0.5084745762711865,0.017987795042778,0.1058021164766633,0.397511380763857,0.0240192993496958,0.3389571894893505,0.5388519723765577,9,0,0
1J9KJgXKFRqKGIzmJ7GjS3,Limelight - NGHTMRE Remix,2,0.511543134872418,0.5265536723163842,0.0267483521082675,0.0580254021692323,0.3886864456196281,0.2427102999790224,0.5585001938541967,0.4272427862638615,1,1,0
0HZWWaKieQ9ZETkTEUVTH2,Golden (feat. Sia),2,0.5407047387606319,0.711864406779661,0.0576919148828224,0.0150157657860461,0.5635544927199798,0.4147262429200755,0.1646447465512713,0.3696859025598047,9,1,0
0Q3SC6kEhxYagDP3bFe5K9,Keep It Mello (feat. Omar LinX),2,0.6427703523693804,0.8802259887005649,0.097878166648213,0.0013925164292043,0.1690898388734408,0.0853786448500104,0.5398901909776506,0.4113519788044624,1,1,0
33iAhGPV1ipJzUZHZEJ9sR,Lighters Up,2,0.4981773997569866,0.9254237288135592,0.078061864725422,0.1461633762352691,0.5645124218164599,0.2804698972099853,0.5903172955463563,0.353344430004294,0,1,0
4CtVxP0QsuyI0nCJziJCy6,Marijuana On Everything,2,0.3426488456865127,0.4225988700564971,0.2122605815531961,0.0531523891800043,0.3179227608667598,0.1283826305852737,0.4245281838988456,0.4172726749975359,1,1,0
0PJIbOdMs3bd5AT8liULMQ,oui,2,0.3171324422843257,0.6949152542372881,0.1143946954776352,0.225614674972682,0.2430898761251089,0.60562198447661,0.1428392761109096,0.4041786589847888,5,1,0
08N3wNB4s9maD4EvaLmSd5,She Will,2,0.3730255164034022,0.8112994350282485,0.1111658839877023,0.000170025779298,0.4219726931010836,0.0428990979651772,0.273753392448441,0.4929635757958051,8,1,0
0QAjwIEt6FVTbfASxmNolZ,HyperParadise - Flume Remix (Ganz Flip),2,0.408262454434994,0.7875706214689266,0.0827639585626128,0.0022929644815617,0.4488645418770781,0.3444514369624501,0.5458746576284754,0.4723175333763981,6,1,0
1wYZZtamWTQAoj8B812uKQ,Here,2,0.2660996354799514,0.8045197740112994,0.1260284488684724,0.0831320125702548,0.1872907498770513,0.3192783721418082,0.4051114974298686,0.3446443395029944,0,1,0
01YmDEvbiVb5q5eCGNlB6U,White Lies (feat. Jenni Potts),2,0.5334143377885784,0.4858757062146893,0.0370725663991342,0.0443597787863973,0.1790484468297248,0.0948185441577512,0.2144089948347237,0.4565959892072862,2,1,0
22L7bfCiAkJo5xGSQgmiIO,All Of The Lights,2,0.4544349939246659,0.784180790960452,0.0760202065870016,0.0842972982850702,0.3421829467974513,0.2039018250471994,0.5405030203734509,0.4838734233654276,1,1,0
3rCNmRonlHN1TXQLcG3dSk,Hell Of A Life,2,0.3547995139732686,0.7954802259887005,0.1637401047668769,0.0014772644811909,0.2324780087995275,0.4461925739458778,0.7646797653738884,0.5160426561609233,8,1,0
7yNK27ZTpHew0c55VvIJgm,Dark Fantasy,2,0.5370595382746052,0.5401129943502825,0.0291737745168185,0.2902350646124445,0.329492979341052,0.3633312355779315,0.2021023800292657,0.460940681128403,5,1,0
0XhFy7NAFb8b1grm26Xwh2,Keep Her Close,2,0.3973268529769137,0.8305084745762712,0.0381979471172553,0.0351434281328574,0.4000066748983479,0.4860499265785608,0.4651437647735659,0.3681501226415513,9,0,0
4prEPl61C8qZpeo3IkYSMl,Sleepyhead,2,0.4993924665856621,0.6892655367231638,0.017987795042778,0.094467064523459,0.4159568937542369,0.5374449339207048,0.3149005090236003,0.3019902251595156,8,1,0
2QjOHCTQ1Jl3zawyYOpxh6,Sweater Weather,2,0.5528554070473877,0.7887005649717514,0.015057453145815,0.0524108437251218,0.2234030599616023,0.3895531780994336,0.4275673174331203,0.4071419940977565,10,1,0
6ZpR2XFuQJSHAQwg9495KZ,Mind (feat. Kai),2,0.4191980558930741,0.7548022598870057,0.1097802104042047,0.1239170125887934,0.2135347953436663,0.3455003146633102,0.7408607126330402,0.4095049857812839,1,1,0
5hzYEPlHm5nHEGCvQJg6QG,Your Soul,2,0.4009720534629405,0.6451977401129944,0.0267483521082675,0.0006075375976787,0.2954150781965482,0.0509754562617998,0.2425115999849919,0.5127525755601727,7,0,0
46lFttIf5hnUZMGvjK0Wxo,Runaway (U & I),2,0.4240583232077765,0.7864406779661017,0.0365900300751223,0.007504969678736,0.1939409886603051,0.3738200125865323,0.439792638543217,0.3877900271578736,1,1,0
1TSxLktSlIdEsjTGWB4Fub,It’s Only (feat. Zyra),2,0.3001215066828676,0.5401129943502825,0.2035420175674233,0.1747658437807377,0.4135325193656904,0.08013425634571,0.40251635253949,0.444629957754267,9,0,0
57kR5SniQIbsbVoIjjOUDa,You Know You Like It,2,0.3037667071688943,0.696045197740113,0.2495280058189407,0.0149098307210629,0.4982491271427392,0.2311726452695615,0.878059456958115,0.4167816012211542,5,0,0
66hayvUbTotekKU3H4ta1f,Where Are Ü Now (with Justin Bieber),2,0.3341433778857837,0.7593220338983051,0.0522818106283165,0.0434063632015483,0.1802979962685412,0.1787287602265575,0.523737759045487,0.4209515602477815,4,0,0
03wKMRNYVvw6s9nm4I4jUS,Wolf Like Me,2,0.2503037667071689,0.7661016949152543,0.0301429662845993,0.0018374437021339,0.7032148128063593,0.183973148730858,0.7519041484798079,0.459066848729743,7,1,0
323ujVhfSg16TlRK0PB5JY,The Birds Pt. 1,2,0.503037667071689,0.6587570621468926,0.0487718711232841,0.0259270774793175,0.1852493031459444,0.2028529473463394,0.4518553722625911,0.3682014563537475,0,0,0
0tdmvtJZdqkZNgt7rec50j,Take Ü There (feat. Kiesza) - Zeds Dead Remix,2,0.2539489671931956,0.7254237288135593,0.0270719436515824,0.2552764931679828,0.7908457375853954,0.0864275225508705,0.6035118876396064,0.417652383826605,4,0,0
0LtOwyZoSNZKJWHqjzADpW,Feels Like We Only Go Backwards,2,0.1773997569866342,0.8937853107344632,0.0533970772386782,0.0293169995587804,0.2395848957709971,0.487098804279421,0.5867466263116425,0.3338352786954727,2,0,1
2lLFCl7O5GWhR6RcuC4VXd,Feel So Close - Nero Remix,2,0.3232077764277036,0.8011299435028248,0.017011580824351,0.0002579518832341,0.4219726931010836,0.1378225298930144,0.527527295921558,0.4659496392922811,2,1,0
0MESTxRrNHkIfMhmAwMgiS,Together (feat. Childish Gambino),2,0.353584447144593,0.4870056497175141,0.0521224265197415,0.0336603372230923,0.3090527999534018,0.3329137822529892,0.3272383906349663,0.348333478298774,8,1,0
5ctk3VJoHoURSiwkCJn2bf,How Many Drinks?,2,0.2697448359659781,0.5638418079096045,0.171182150381034,0.0032675670794073,0.4338176238570848,0.224879379064401,0.1634816213714872,0.4510656333086205,0,0,0
7jWgkIrTDiB3vF8dm5AUyQ,Pop Thieves (Make It Feel Good),2,0.4702308626974484,0.8587570621468926,0.0946175031282049,0.0790005450359093,0.2252357160408081,0.039962240402769,0.3060582563127681,0.4954177382980507,5,0,0
0U0ldCRmgCqhVvD6ksG63j,Nightcall,2,0.4556500607533414,0.864406779661017,0.0386800230278035,0.0088927190300161,0.6373688000291549,0.3507447031676106,0.2211125980214365,0.4319784017658262,9,0,0
3sNVsP50132BTNlImLx70i,Bound 2,2,0.2551640340218711,0.6282485875706215,0.0359464331696109,0.1535788307840943,0.2448306304654404,0.2972519404237465,0.5830258764085698,0.390858706746609,1,1,0
6GtqpDmTZst7GmEmJ8K9yi,"Teleport 2 Me, Jamie",2,0.4119076549210206,0.6745762711864406,0.010488984824534,0.0105558995502526,0.5815400042436023,0.2983008181246066,0.2762547369210951,0.4043115949053419,8,1,0
1xHflEg6AlgDQJUtAJ4BS1,Why I Love You,2,0.393681652490887,0.7864406779661017,0.0285273366691347,0.0276220385190489,0.4579384023167545,0.3633312355779315,0.4237402603899596,0.3477888278554271,5,1,0
6olUplztLFFfU7fMYmFXOP,Sober,2,0.6585662211421628,0.5559322033898305,0.0098353336686473,0.1029418697221164,0.7277011016888126,0.4273127753303964,0.2648986330152458,0.4233187539684548,0,1,0
4Pwjz3DfvfQWV0rO2V8jyh,"Bitch, Don’t Kill My Vibe",2,0.5224787363304982,0.6655367231638417,0.1111658839877023,0.0160751164358783,0.6286357548549766,0.0754143066918397,0.4894818464924897,0.4968466732569715,1,1,0
2kfpH2OAAdpk5J3JaraAIh,Hands On The Wheel,2,0.5990279465370596,0.847457627118644,0.113319112641568,0.0222193502049049,0.218967315737192,0.1493601846024753,0.451173755893793,0.3419184341999142,1,0,0
4UtLXegebv7qNBF26nivhZ,Man Of The Year,2,0.7120291616038883,0.8497175141242937,0.0299814730513164,0.0054604229245599,0.3490928858883811,0.382211034193413,0.3519391673024251,0.3710323348688598,3,1,0
